wmc,dit,noc,cbo,rfc,lcom,ca,ce,npm,lcom3,loc,dam,moa,mfa,cam,ic,cbm,amc,max_cc,avg_cc,bug
15,1,3,17,64,39,1,16,9,0.72368681,630,1.0,4,0.024558643,0.128353324,3,7,48.342686552,13,2.5083,0
3,2,0,4,17,1,1,4,2,0.108885895,99,0.998791323,0,0.645750816,0.670982771,1,1,17.688484313,1,0.6326,0
4,1,0,10,20,8,1,6,5,0.589246582,170,0.92845796,3,0.0,0.799113772,0,0,4.726243332,1,0.8104,0
5,1,0,2,25,11,1,1,8,0.556995861,168,0.838914761,2,0.0,0.44464226,0,0,71.942893278,7,3.5992,0
5,1,0,4,17,1,0,4,5,0.493911887,85,0.887943232,0,0.0,0.839027028,0,0,0.30198981,4,1.0163,0
11,1,0,3,14,14,7,2,5,0.785276789,210,0.993396229,1,0.171373353,0.209299477,0,0,7.187678012,4,1.196,0
26,3,0,12,75,290,0,10,10,0.90133421,548,0.173001741,2,0.737848301,0.222772675,0,0,18.749906221,7,1.5231,3
4,3,0,3,8,1,3,3,2,2.0,22,0.070348139,0,0.006198728,0.666666667,0,0,12.093107355,1,0.3531,1
28,3,0,9,121,319,4,11,13,0.938035863,1419,0.10151662,2,0.746703334,0.384965965,0,0,49.289301322,4,1.0731,0
1,1,0,10,1,0,7,1,1,2.0,2,0.0,0,0.0,0.992336593,0,0,3.121889233,1,1.0,1
17,1,0,13,37,65,1,10,15,0.823127901,421,0.91674214,1,0.804678311,0.293711958,0,0,37.301316403,2,1.5073,0
5,1,0,2,19,0,2,7,3,0.384859872,32,1.0,0,0.0,0.667281574,0,0,32.896014776,4,1.658,0
17,3,0,10,48,118,2,12,14,0.830234209,648,1.0,3,0.675638337,0.362697459,0,0,25.623265422,4,1.9548,0
13,1,0,6,14,77,5,0,13,1.972124471,20,0.0,0,0.0,0.31180836,0,0,2.576365276,1,2.8337,0
4,1,0,5,3,2,2,1,3,1.468985554,3,0.0,0,0.0,0.660659315,0,0,0.0,1,1.0,1
3,3,0,9,24,0,1,8,2,2.0,140,0.953065154,0,0.944019703,1.0,1,1,61.222112473,8,0.5,0
1,1,0,6,1,1,9,1,1,2.0,9,0.0,0,0.0,0.833337722,0,0,1.426605353,1,1.0095,1
17,1,0,6,57,140,1,8,17,0.712413618,466,0.997838565,3,0.650526816,0.269825294,0,0,24.449014504,11,1.5253,2
3,2,0,8,22,4,1,7,2,1.001505567,151,0.0,0,0.820445475,0.499789359,0,0,53.716791337,1,0.6916,0
20,1,0,7,39,39,3,0,5,0.677232982,621,0.949715256,0,0.0,0.255981283,0,0,18.492023317,4,2.68,0
18,3,3,17,76,90,2,15,6,0.593183993,708,1.0,0,0.295322194,0.356661032,1,2,33.994085513,10,2.3363,0
50,4,1,7,89,120,8,13,49,0.932898427,690,0.916499452,4,0.640718857,0.2105334,1,0,23.841504459,5,1.5579,1
5,1,0,2,7,20,17,2,4,0.050254362,68,1.0,1,0.0,0.428594293,0,0,11.136799836,4,0.75,0
12,3,0,7,23,12,4,9,8,0.668230239,324,1.0,3,0.834322748,0.368099916,1,1,27.012062231,9,1.8582,1
2,3,0,1,9,1,4,3,2,1.999252005,27,0.0,0,0.97601355,1.0,0,0,9.257697017,1,0.5018,1
23,3,1,19,60,166,2,13,14,0.839667978,471,0.950999443,2,0.642529341,0.242315395,0,0,21.468595559,5,0.9299,3
28,1,1,21,123,200,23,5,12,0.873426875,1050,0.540990944,0,0.056206595,0.317222673,0,0,48.476561379,35,3.4478,0
14,1,0,101,28,4,96,6,4,0.371728284,75,0.961768756,1,0.273391411,0.382604844,1,3,13.115901577,3,0.9932,0
3,1,0,12,15,1477,1,1,1,2.0,22,0.0,0,0.0,0.966115475,0,0,1.246739333,1,0.6899,0
26,3,1,17,71,95,4,15,41,0.832594621,762,0.997431727,2,0.670979151,0.228374732,3,6,15.329389478,3,1.8033,3
3,1,0,2,9,3,2,8,5,0.240654475,92,1.0,0,0.0,0.669751105,0,0,14.678343537,3,0.9595,0
1,1,0,6,1,1,8,1,4,2.0,1,0.0,0,0.005786408,0.984592356,0,0,0.094943172,0,1.0,1
5,1,1,19,12,6,2,0,3,0.278738029,98,0.975005629,0,0.0,0.667318849,0,0,15.940773012,1,1.0,0
3,2,0,10,27,2,0,6,4,0.326603662,23,1.0,1,0.632755447,0.422627287,0,0,13.351410903,1,1.0771,0
18,2,0,0,50,124,1,9,10,0.801119554,522,1.0,2,0.740053104,0.374103657,0,0,22.3546091,12,2.0602,0
4,1,0,6,7,0,2,1,8,0.104478423,64,1.0,0,0.62949443,0.354752674,1,1,19.764301476,4,0.8893,0
22,1,0,1,66,301,2,4,16,0.758825543,711,0.01586991,0,0.0,0.280935849,0,1,19.206488783,15,0.9337,0
23,1,0,32,82,123,1,8,20,0.698421194,458,0.8120908,4,0.0,0.281595536,0,0,28.228507876,4,1.691,0
2,6,0,3,0,1,1,0,0,2.0,32,0.0,0,0.868212247,0.714235308,0,0,3.710555656,1,0.0431,0
10,1,0,3,23,59,1,3,5,0.839094757,145,1.0,1,0.0,0.280503185,0,0,10.637879086,4,0.7636,0
79,1,0,117,180,2508,114,28,16,0.921188956,1749,0.820520912,3,0.585828225,0.149166602,0,0,9.893773176,5,1.5053,1
3,1,0,6,4,3,1,6,4,2.0,162,0.0,0,0.0,0.467796821,0,0,37.487434206,1,1.0156,1
2,2,0,7,13,2,0,5,2,2.0,61,0.997014131,0,0.966421365,0.963131906,0,0,16.180439987,3,0.6837,0
26,3,1,21,113,287,0,18,22,0.919496969,1395,1.0,0,0.745993137,0.146177578,4,5,47.496588307,1,1.1386,0
2,1,0,2,5,6,2,1,4,1.955868714,4,0.0,0,0.0,0.91103587,0,0,2.928054272,2,0.9722,0
15,3,0,11,32,34,1,16,6,0.575066017,316,0.99451073,1,0.889906507,0.334894162,2,6,17.994178804,5,1.3985,1
20,3,0,10,47,117,1,9,14,0.601932166,305,1.0,3,0.58386795,0.245227597,1,1,21.728179927,5,1.3081,0
21,1,0,2,41,133,4,1,17,0.676662797,384,0.987636907,1,0.016271316,0.31804927,0,0,27.446476032,3,1.5409,1
3,3,0,7,27,3,17,7,3,0.772781935,146,0.0,0,0.966152915,0.518690089,3,0,44.89510941,1,0.6725,0
5,3,0,7,31,1,0,4,4,0.630187456,98,1.0,0,0.837983328,0.332155412,1,1,10.876692362,5,2.0074,0
7,1,0,1,32,0,0,4,7,0.748965604,128,0.912141689,0,0.863484383,0.33704948,1,1,20.531631881,6,1.0048,0
13,1,4,3,13,1,5,10,11,0.704630857,77,1.0,1,0.0,0.694422227,0,0,4.270340561,1,0.79,1
18,3,3,15,55,139,1,8,13,0.834335267,434,1.0,0,0.705558184,0.337144902,0,0,24.139997682,16,2.3975,0
9,1,1,9,35,1,0,7,10,0.741994623,298,0.403418328,0,0.0,0.611687482,0,0,30.458677294,5,2.6351,1
2,3,0,3,1,1,5,0,2,2.0,61,0.0,0,0.986620798,1.0,0,0,10.619789893,0,0.0098,0
3,2,0,3,12,2,3,1,1,0.476559531,60,1.0,1,0.888891204,0.671865955,1,1,17.378580015,1,0.607,0
13,1,4,8,21,45,6,10,10,0.681501579,113,1.0,1,0.0,0.211524906,0,0,8.235254819,0,0.8957,0
4,2,0,8,12,0,1,6,5,2.0,85,0.998883496,0,0.911293388,0.669287811,0,0,10.401004871,1,0.6182,0
4,3,0,4,7,0,0,5,3,0.567667361,106,0.906521467,0,0.94392606,0.709658075,1,1,27.05974826,1,0.7388,1
3,1,0,4,14,1,0,2,3,0.493841127,109,1.0,0,0.0,0.666666667,0,0,28.475420359,1,0.6667,1
5,1,0,21,14,0,21,1,5,0.103347535,73,1.0,0,0.0,0.731657654,0,0,6.749983879,1,0.5406,0
9,3,0,6,40,9,1,4,8,0.797869224,496,0.725070964,0,0.777507384,0.308511098,1,1,47.225886544,4,2.5638,0
2,6,0,4,10,1,1,3,1,2.0,9,0.0,0,0.98668637,0.968306027,0,0,1.032344661,2,0.4,0
4,1,0,4,4,5,1,3,4,1.979720045,14,0.0,0,0.0,0.866900512,0,0,2.157608585,1,0.7673,0
2,2,0,8,24,1,1,8,3,2.0,225,0.0,0,0.899550702,0.976881576,1,1,111.52476245,1,0.7217,0
17,4,0,12,59,104,1,11,17,0.902478393,683,1.0,2,0.496371551,0.405154473,0,0,23.421814184,5,1.4608,1
26,1,0,16,78,230,20,17,17,0.892232689,745,0.960779785,0,0.0,0.331489088,1,0,22.299739019,22,1.0607,1
18,3,0,10,50,103,6,8,14,0.76695304,425,0.516253304,0,0.644713619,0.29528042,0,0,23.169708411,5,1.7747,0
6,3,0,8,29,6,0,8,6,0.774505777,203,1.0,0,0.753648706,0.452341373,0,0,23.753431176,6,1.2269,0
8,1,0,1,36,4,1,4,7,0.757690937,372,0.289307358,0,0.0,0.409813401,0,0,42.749900646,5,1.1653,0
4,2,0,3,27,0,0,2,5,0.346954061,48,0.521089192,0,0.989719577,0.315484219,1,1,19.999508399,3,1.7622,0
3,3,0,6,15,1,0,3,4,0.586186833,113,0.842587576,0,0.910896298,0.996905948,0,0,18.647886602,1,0.6586,0
2,2,0,7,13,1,6,6,2,1.725154238,28,1.0,0,0.955175008,0.997390424,0,0,21.825505004,1,0.4809,0
26,3,3,25,86,166,0,3,12,0.8276695,495,1.0,1,0.538843349,0.2021853,0,3,23.408220711,2,1.3766,0
10,4,0,14,40,11,1,13,8,0.712960671,190,0.997247186,1,0.913251891,0.461379375,1,1,20.022835986,10,2.0574,1
14,3,0,10,54,77,16,7,6,0.85937441,418,1.0,1,0.779979006,0.606220441,0,0,28.053462479,3,1.5226,1
0,1,0,0,3,1,1,0,0,2.0,5,0.0,0,0.0,0.019207208,0,0,0.0,0,0.043,0
13,1,0,16,39,7,0,16,11,0.741104252,757,0.991411487,1,0.01436655,0.325331788,0,0,24.611876126,3,2.5576,1
3,1,0,5,17,1,0,2,3,0.544677426,285,1.0,0,0.094181132,0.59348827,0,0,18.23292422,2,1.0094,1
3,1,0,4,17,0,2,1,4,0.67110001,120,1.0,0,0.017393847,0.502891762,0,0,18.380952384,3,0.8341,0
7,3,0,8,20,5,3,4,7,0.594811523,132,1.0,0,0.840368962,0.34205495,1,1,21.272797583,1,1.4057,0
2,3,0,3,7,1,1,3,2,2.0,25,0.0,0,0.950486545,0.180565569,0,0,11.74284931,1,0.5,1
2,5,0,3,11,0,0,4,4,0.478770962,10,1.0,0,0.952495949,0.679496926,0,0,10.300779763,1,0.5547,0
11,1,0,3,29,278,9,3,10,0.726665307,148,1.0,1,0.0,0.300736899,0,0,18.108440696,1,1.1592,0
5,2,0,4,11,1,0,3,3,0.244029627,145,1.0,1,0.756218372,0.677498527,1,1,23.812725,2,0.6754,0
2,2,0,9,9,3,1,6,2,1.978327421,58,0.919734606,0,0.989945201,1.0,0,0,27.988050729,1,0.5,0
4,1,0,3,5,6,1,1,3,1.566825423,16,0.01962233,0,0.0,0.869821365,0,0,4.144801731,1,0.0225,0
4,1,0,4,5,116,5,1,4,1.985392951,1,3.222e-05,0,0.040554114,0.50089172,0,0,1.074979588,1,1.0,0
6,4,0,13,24,15,0,14,9,0.961422324,577,0.984205394,0,0.862205525,0.327063853,2,2,75.304228581,1,1.3676,0
3,2,0,9,22,1,1,8,2,1.982161188,35,0.0,0,0.956389292,1.0,1,1,58.062271502,1,0.5,0
11,3,0,4,39,66,0,8,10,0.810533374,263,1.0,3,0.709540097,0.29277737,1,1,31.056738021,1,1.2332,0
6,5,0,8,16,0,0,9,6,0.743227693,54,1.0,0,0.795721686,0.37707842,2,7,10.971151391,1,1.4872,0
6,1,0,4,7,3,3,4,6,0.81381917,157,1.0,0,0.0,0.724165537,0,0,28.605182119,1,0.6924,0
5,1,0,2,14,26,1,0,1,0.791828421,239,0.963793068,0,0.0,0.461379518,0,0,36.854405085,2,1.8721,0
27,1,0,8,30,39,4,8,30,0.735526494,460,1.0,0,0.0,0.230980479,0,0,15.430284928,3,1.37,1
19,4,0,8,82,180,6,8,18,0.54150838,543,0.540401769,0,0.722962942,0.297095217,0,3,28.742237858,17,2.3725,0
21,3,1,17,42,87,5,15,14,0.821429439,741,1.0,2,0.694508485,0.223461958,1,2,35.089986573,3,0.7687,0
14,1,0,4,37,142,1,1,18,0.784045062,314,0.591889727,0,0.0,0.314003801,0,0,18.412112132,3,1.1437,0
19,1,0,21,53,117,19,2,14,0.71777464,1282,0.988574249,0,0.0,0.398923861,0,0,64.190612181,35,6.2015,0
2,2,0,1,13,1,1,1,3,0.595244516,186,0.991430516,0,0.445895224,0.604882932,0,0,31.889320133,1,0.8253,0
10,3,7,24,28,7,9,4,13,0.442754362,170,1.0,3,0.340867313,0.280553835,0,0,11.355131109,6,1.4677,0
5,1,0,12,4,20,10,1,1,2.0,7,0.0,0,0.0,0.861267334,0,0,1.133465333,1,1.1051,0
2,3,0,3,7,3,4,3,2,1.614977285,33,0.062921188,0,0.988084411,0.992444287,0,0,11.684401894,1,0.9358,1
8,3,0,1,39,6,0,2,7,0.74465027,386,1.0,0,0.80464129,0.789395505,1,1,54.540576499,1,0.7713,0
4,3,0,3,9,1,1,2,3,0.5,95,1.0,0,0.949451267,0.669703897,0,0,13.233291965,1,0.7002,0
3,3,0,3,41,5,0,2,4,0.641693223,229,1.0,0,0.89746649,0.824756109,1,1,11.152075241,5,0.7273,1
50,4,1,23,84,1123,11,14,48,0.960132873,652,0.609468081,4,0.606427707,0.189924506,3,3,15.001928015,3,1.2999,1
0,1,0,1,1,3,2,1,0,1.516319059,2,0.000534753,0,0.0,0.652964889,0,0,0.923576065,0,0.01,0
22,1,0,0,15,71,1,4,14,0.605572216,610,0.999597443,0,0.013022785,0.252431469,0,0,22.335697846,3,1.1551,0
3,2,0,7,19,3,1,6,2,1.003715542,107,0.0,0,0.849340772,0.5,0,0,27.253436913,1,0.6925,1
4,2,0,3,18,3,2,7,4,0.598334131,97,0.0,0,0.918519185,0.531458973,0,0,34.727014073,2,0.6563,1
2,1,0,19,3,2,0,0,5,0.667463644,72,0.987137152,0,0.0,0.736626551,0,0,11.447941046,1,1.1103,0
4,3,0,4,12,0,0,4,4,0.338817744,52,1.0,0,0.96329211,0.759733334,0,0,17.926908978,2,1.1746,2
4,1,0,1,6,2,0,1,1,0.150588479,56,1.0,1,0.972390581,0.657877943,0,1,26.378716274,1,0.5429,0
8,1,0,11,15,18,1,4,9,0.760114371,487,0.971344748,3,0.140946222,0.152168324,0,0,6.436005055,2,0.6593,0
8,3,0,5,19,11,3,3,6,0.700067535,123,0.970911573,0,0.863707013,0.385108559,2,2,20.298387171,1,0.8563,0
5,3,0,4,45,4,0,2,5,0.556075786,1207,1.0,0,0.87217002,0.528438824,1,1,203.306711812,2,0.9724,0
14,4,40,127,26,156,58,1,6,0.637689817,135,0.97107606,1,0.055807496,0.447657787,1,3,9.213597018,5,0.9992,0
50,3,1,12,66,89,11,14,12,0.964658466,655,0.999372623,2,0.803186344,0.208507446,3,3,17.035257307,12,1.1312,1
21,4,0,8,69,807,2,15,13,0.957366838,705,0.667458933,2,0.814107918,0.180563956,3,2,34.644613155,15,2.6902,0
2,6,0,3,4,1,1,3,1,2.0,20,0.0,0,0.983604772,0.659822155,0,0,3.221820644,1,0.4929,0
11,2,0,12,22,4,0,1,8,0.736599415,134,1.0,0,0.415486852,0.186379666,0,0,11.793257091,1,0.8346,0
0,1,0,1,1,0,1,3,0,2.0,6,0.0,0,0.0,0.01514584,0,0,0.0,0,0.0548,0
5,3,0,2,15,4,0,4,10,0.532480906,214,1.0,0,0.947897914,0.554919377,1,1,28.508486932,1,0.7967,0
4,2,0,2,20,0,0,1,3,0.48597394,122,0.756322512,1,0.93084993,0.64145876,1,1,20.31819644,1,0.9288,0
4,3,0,4,12,1,1,3,2,0.592778001,39,1.0,0,0.921728339,0.756742997,0,0,20.635078504,5,0.9336,1
12,1,0,9,59,44,1,2,5,1.181383999,288,0.02912692,1,0.0,0.263481011,0,0,45.590192844,5,3.3711,1
28,1,0,4,39,104,2,8,22,0.690295937,443,1.0,2,0.056272828,0.262114259,0,0,15.715158393,4,1.3808,1
10,2,0,8,46,24,1,10,6,0.782374387,359,1.0,0,0.876408231,0.386740975,3,0,40.406726482,5,1.0412,0
8,1,0,14,21,5,6,6,6,0.694164113,130,1.0,3,0.001743272,0.307040408,0,0,48.335430961,1,0.7676,0
12,1,0,1,24,56,1,1,11,0.832214491,458,0.874353511,1,0.0,0.328847198,0,0,16.762410217,2,1.3397,0
7,2,0,1,9,1,1,1,4,0.284726335,66,0.977474386,1,0.723078688,0.462742487,1,1,16.34799814,1,0.9256,0
2,3,0,3,7,4,2,3,2,2.0,27,0.0,0,0.948233019,0.730995756,0,0,16.517459972,1,0.9994,1
4,1,0,3,18,0,1,0,2,0.021796745,37,0.728246834,0,0.0,0.695987126,0,0,11.855290245,2,1.0013,0
2,1,0,4,6,0,1,2,3,1.374918644,83,0.988468377,0,0.0,0.666767419,0,0,0.501312459,1,1.0309,1
8,1,0,5,27,21,1,2,6,0.660703629,398,0.917204494,0,0.0,0.184176026,0,0,13.339097587,4,1.4674,0
44,3,0,19,91,767,7,14,47,0.930588194,743,0.954891757,0,0.573658323,0.157605289,3,3,16.509163211,4,1.3888,0
12,3,0,7,46,7,1,2,7,0.711989157,1277,0.884491715,0,0.77635919,0.48634226,1,1,23.214434083,3,0.9702,0
7,3,0,7,46,33,0,7,7,0.773455933,374,0.994200557,0,0.786453933,0.401865613,1,1,48.472553462,4,1.5481,0
8,3,0,6,18,28,0,5,3,0.124232506,107,1.0,0,0.974370837,0.648808464,0,0,35.725445372,1,1.0557,0
14,3,0,10,78,31,4,8,8,0.791885275,404,0.803884282,1,0.898175065,0.357291492,1,1,18.2348963,4,1.4704,3
15,1,0,9,16,16,7,1,8,2.0,120,0.0,0,0.077994108,0.23163209,0,0,0.0,1,1.0043,0
14,3,0,9,43,61,3,7,10,0.662822975,145,0.767567702,2,0.764763394,0.360037544,1,1,22.084111815,3,1.2362,0
3,2,0,8,19,7,1,6,2,1.0,194,0.008334195,0,0.704931497,0.5,0,0,52.439503905,1,0.6389,1
2,2,0,9,31,1,1,5,2,1.967762811,30,0.0,0,0.994606668,1.0,1,1,111.232310465,1,0.6921,0
5,2,0,10,21,10,1,6,4,1.031260682,144,0.0,0,0.94568942,0.513270332,0,0,16.955621871,1,0.5207,0
3,1,0,2,6,1,1,1,5,0.158212209,24,0.833783791,0,0.0,0.75,0,0,12.471484384,1,1.2033,0
9,3,1,0,18,21,0,1,7,0.278917041,128,0.95079645,1,0.646508641,0.428169883,1,1,16.209167639,2,1.5297,0
18,3,0,13,52,98,1,15,16,0.875250888,413,0.878867453,3,0.756721208,0.359514012,0,0,71.006340877,7,2.0676,1
5,4,0,7,9,1,3,7,5,1.912829661,385,0.067982261,0,0.854034308,0.314955387,1,1,51.069005153,1,1.1191,0
4,1,0,4,6,5,2,0,2,2.0,35,0.012976377,0,0.0,0.876326206,0,0,9.080086741,2,1.0981,0
11,3,0,16,38,41,2,9,7,0.454507012,309,1.0,1,0.777372129,0.355696068,0,0,23.662708533,1,0.8715,0
16,3,3,11,64,109,6,11,4,0.779903985,515,0.998089924,2,0.07987425,0.339867985,0,0,36.333455942,9,2.6054,0
8,3,0,5,22,4,1,12,8,0.815645096,216,1.0,0,0.84788398,0.848356366,1,1,27.145145031,14,2.2757,1
6,3,0,1,7,5,0,3,5,0.230821773,151,1.0,0,0.91150021,0.526283189,0,2,18.4072538,2,0.8559,0
20,1,40,98,42,146,88,5,15,0.790192318,137,0.987274009,1,0.295226788,0.307291262,1,3,14.769222994,3,1.1059,0
20,1,0,12,71,274,3,9,15,0.828090671,698,0.841956649,2,0.808542131,0.304061335,2,2,19.099522082,3,1.1441,2
10,3,0,5,21,21,0,2,8,0.628262921,150,1.0,7,0.841660582,0.385284858,1,1,18.581201518,1,1.4721,0
13,3,0,10,61,66,1,9,8,0.753569807,503,0.99030562,1,0.889625005,0.295269327,2,4,24.197395665,7,2.069,3
8,3,0,7,49,10,3,2,8,0.52428199,242,1.0,1,0.872018673,0.357146443,1,4,29.199074187,5,1.3194,0
2,4,0,7,13,1,0,8,2,0.630048307,147,0.240996924,0,0.91780646,0.689274854,1,0,104.492616177,1,0.2028,2
28,4,1,20,123,33,4,14,11,0.875526333,1365,0.908681047,3,0.637089856,0.148529869,4,2,48.549029501,3,1.0764,0
8,1,0,1,18,0,1,1,5,0.07038283,159,1.0,0,0.223022242,0.472319484,0,1,12.658243932,3,1.8716,0
18,1,1,9,90,115,5,3,12,0.85145865,1396,0.87218064,0,6.2359e-05,0.144245257,0,0,64.006844889,3,2.1058,0
3,2,0,5,21,2,1,5,4,2.0,67,0.063796108,0,0.948281243,0.889148703,0,0,26.587154801,5,0.7985,0
18,3,0,10,55,93,2,5,15,0.926802371,406,0.987483821,2,0.688307894,0.283104078,0,0,19.935613735,6,1.8879,0
4,3,7,6,15,0,10,1,4,0.24923266,81,1.0,1,0.621224891,0.496854292,0,0,14.64178688,2,1.237,0
4,3,0,1,6,0,0,3,4,0.0,95,0.995102643,0,0.661665612,0.69805454,0,0,9.523182432,1,0.6575,0
5,4,0,5,10,6,2,0,3,0.794965056,86,0.0,0,0.941600066,0.378554311,2,2,16.877137588,6,1.9229,0
11,3,0,8,38,55,1,9,9,0.684926395,314,1.0,3,0.717313288,0.284273529,1,1,23.949662442,4,1.8677,0
5,3,0,3,17,21,0,3,3,0.39113659,102,1.0,0,0.931413845,0.423116693,1,1,34.057805312,1,0.9065,0
2,2,0,6,9,1,5,5,2,2.0,33,0.0,0,0.905924406,0.808135122,0,0,12.328203946,1,0.9067,0
3,3,0,7,13,0,1,6,3,0.472535068,165,1.0,0,0.89020023,0.939765921,0,0,15.061737191,1,0.7973,0
6,1,0,2,15,0,1,1,4,0.519396822,104,1.0,0,0.004380681,0.517481428,0,0,29.606467223,2,1.6554,0
2,4,0,7,11,3,1,5,2,2.0,42,0.0,0,0.854745738,0.991833723,0,0,4.480621428,1,0.5,0
8,1,0,1,9,3,3,1,4,2.0,2,0.0,0,0.0,0.291470312,0,1,7.207977548,1,1.3084,0
3,2,0,2,10,0,2,1,5,0.594224028,73,1.0,1,0.445830452,0.470710004,1,1,14.624916462,2,1.0911,0
3,3,0,4,16,1,1,3,4,0.679672503,35,1.0,0,0.026349242,0.790638432,0,0,6.471675287,0,0.7457,1
10,3,0,5,58,9,1,6,8,0.914151093,363,0.605874604,0,0.845555819,0.652938627,0,0,37.425476357,6,1.1069,1
4,1,0,6,13,12,11,2,5,0.691838695,58,0.97243086,5,0.0,0.555480573,0,0,18.664194243,1,2.0243,1
4,2,0,7,16,12,1,6,4,1.023800269,100,0.0,0,0.757807061,0.519531413,0,0,46.995006403,1,0.8082,1
14,2,0,7,33,42,1,7,15,0.873643003,402,1.0,1,0.666676788,0.578195268,0,3,24.309345724,2,0.9606,1
2,2,0,6,15,1,1,6,2,2.0,2,0.997562121,0,0.828247179,0.992209877,0,0,14.676779062,1,0.5,0
5,3,0,4,15,1,0,4,3,0.5,51,1.0,0,0.80034112,0.968334587,1,1,18.76859456,1,0.9771,0
10,3,0,3,23,19,1,8,9,0.493088023,192,1.0,0,0.827097603,0.340999782,1,1,20.482470231,5,0.8696,0
6,3,0,4,21,595,1,5,14,0.653620341,1248,0.96398828,1,0.464319186,0.546737119,1,1,15.989756071,12,1.0856,0
8,1,0,4,44,23,1,7,10,0.636734061,476,0.996363872,0,0.842632836,0.377868855,1,0,45.677997273,4,1.2421,0
4,2,0,2,21,1,1,1,2,1.969614176,132,1.0,0,0.986170813,0.904724602,0,0,23.122765457,5,0.5437,0
16,1,8,7,87,115,8,14,2,0.89992566,728,0.825873828,5,0.0,0.288782361,0,0,75.753835895,21,1.6989,1
8,4,0,14,34,31,0,1,3,1.768668647,437,0.943975514,0,0.299185504,0.624001536,4,0,69.937362451,15,5.1808,1
2,2,0,3,4,4,1,5,2,2.0,32,0.0,0,0.998869753,0.703464648,0,0,14.787017863,1,0.5168,0
4,2,0,1,8,7,0,0,5,0.215000351,54,1.0,1,0.008784051,0.526799645,1,1,9.823673395,4,0.9658,0
9,3,0,11,29,1,3,8,10,0.698464672,287,1.0,3,0.701449495,0.330345829,0,0,10.088728882,1,1.9566,0
17,3,0,11,62,139,0,12,13,0.731575271,537,0.503224435,0,0.773479003,0.344335535,0,0,21.621539154,5,1.3321,0
14,3,0,11,37,35,1,3,10,0.759832995,399,0.994123711,3,0.790396397,0.291635976,1,1,25.125854634,4,1.0194,0
7,2,0,1,12,14,0,1,9,0.621495646,69,1.0,1,0.471903659,0.528392348,1,1,15.796341948,5,0.9942,0
13,3,0,6,42,22,19,9,10,0.462344384,582,0.973896254,0,0.821309392,0.337636403,0,0,34.315544264,2,0.771,0
14,4,0,3,19,1,0,3,4,0.119096295,51,0.998067218,0,0.64488617,0.851665499,1,1,16.150808069,2,1.5753,0
17,3,0,9,52,50,0,6,17,0.903914061,474,0.980393785,0,0.69330514,0.318885123,0,1,25.931627784,15,1.7407,0
16,3,0,10,63,48,3,6,14,0.886425091,334,0.999768707,0,0.686734193,0.283562253,0,0,21.292947106,5,1.3952,0
5,1,0,8,17,0,1,4,4,0.476548213,54,1.0,0,0.002434118,0.665779163,0,0,13.932396774,3,0.7153,0
8,4,0,7,37,2,1,1,8,0.715670102,288,1.0,0,0.915442508,0.517069683,4,5,33.088597085,4,2.4266,0
7,6,0,8,35,22,0,9,6,0.770682949,152,0.992395379,0,0.893200527,0.396635849,4,9,23.745339454,1,0.3676,0
13,2,0,3,12,30,5,4,3,0.023066751,67,1.0,1,0.430009089,0.399660993,0,0,7.695831614,1,1.236,0
17,1,0,4,22,65,0,3,13,0.628229008,131,0.984401534,0,0.0,0.184739632,0,0,6.648345074,8,1.2809,0
3,1,0,2,16,0,1,7,4,0.584642528,169,1.0,0,0.018467023,0.548425212,0,0,11.968201324,1,1.0458,0
3,5,0,1,15,0,2,2,4,0.0,68,1.0,0,8.3033e-05,0.780121013,0,0,8.538417383,1,0.4325,1
11,1,0,7,42,20,0,8,11,0.77375495,398,1.0,0,0.712859516,0.360807308,1,1,26.850553138,3,1.6736,0
2,2,0,6,11,1,1,5,2,2.0,35,0.023040458,0,0.955150579,0.969204992,0,0,17.719884598,1,0.5,0
2,5,0,3,7,0,1,0,4,0.095515943,21,1.0,0,0.895387513,0.75,0,0,8.262009392,1,0.6504,2
2,3,0,3,7,1,1,3,2,0.051229642,9,1.0,0,0.959148069,1.0,0,0,10.535706255,1,0.5843,0
3,3,0,3,22,1,0,3,3,0.59864068,152,0.925826943,0,0.815299923,0.638864083,1,1,48.186690192,1,0.6321,0
8,3,0,8,32,1,0,2,4,0.688849328,236,1.0,0,0.722445904,0.304295841,1,0,16.953858726,6,0.9828,0
18,4,0,7,74,53,2,9,16,0.893441823,667,0.873810189,2,0.393014872,0.317685876,0,2,24.275533227,4,1.1484,1
5,1,0,7,5,0,0,4,5,0.116424971,127,1.0,0,0.0,0.735209488,0,0,6.376870332,2,1.0752,0
5,1,0,0,5,0,23,0,8,0.057540387,146,1.0,0,0.0,0.636258213,1,1,25.331910291,4,0.9601,0
19,3,0,12,38,6,2,8,5,0.40385378,374,1.0,2,0.747459722,0.239911084,1,1,24.46515763,7,1.9019,0
3,2,0,9,25,3,1,9,2,1.0,159,0.026983737,0,0.885404891,0.5,0,0,46.602372286,10,0.6647,1
3,2,0,8,16,4,1,7,2,1.0,126,0.000213046,0,0.81466573,0.5,0,0,30.482863359,9,2.7812,1
11,1,0,9,15,7,6,2,5,0.698380034,100,1.0,1,0.085628592,0.223646075,0,0,7.691480635,1,0.7039,0
8,2,0,24,48,17,16,8,8,0.848090396,551,0.997949455,1,0.282650607,0.155495406,0,0,26.549065926,3,0.9793,0
3,2,0,7,22,4,0,7,3,0.905165987,207,0.000445359,0,0.802643208,0.5,0,0,70.595588345,1,2.0849,1
16,3,0,11,33,34,3,2,10,0.681076491,499,0.765008761,2,0.407326103,0.308116424,1,2,28.242343572,4,0.805,0
8,4,0,9,46,3,0,9,5,0.719274299,192,1.0,0,0.909636699,0.386030478,1,3,52.703212729,10,1.5176,1
0,5,0,1,1,0,1,1,0,2.0,20,0.118038657,0,0.0,0.88268498,0,0,4.72515451,0,0.0,0
25,3,1,16,85,97,0,14,14,0.76376352,714,0.997069832,2,0.59301568,0.14054433,0,0,31.912243909,2,1.9972,3
3,3,0,1,29,2,1,5,4,0.63762592,91,0.958669108,0,0.941067488,0.559748029,1,1,36.904252246,1,0.7766,0
3,2,0,7,24,7,0,7,2,0.978666253,188,0.019993099,0,0.882705592,0.5,0,0,46.181684976,10,0.658,0
4,1,0,17,4,4,17,1,3,2.0,4,0.010587787,0,0.0,0.847617632,0,0,2.037345552,1,0.7227,0
2,2,0,6,11,1,1,5,2,2.0,36,0.0,0,0.985595871,1.0,0,0,19.515860292,1,0.3976,0
0,2,0,9,24,1,0,26,2,1.973645144,223,0.0,0,0.95538264,1.0,1,1,40.141101478,1,0.0388,0
18,3,0,8,41,13,4,8,5,0.424203719,542,1.0,2,0.822947151,0.303461769,1,1,29.563416038,2,2.8259,0
9,4,0,2,62,17,5,2,3,0.580820579,445,0.021003764,0,0.007908038,0.254136627,2,2,65.678752646,3,1.1869,0
9,3,0,11,37,21,0,9,9,0.400294043,377,0.953949042,2,0.768891089,0.277442161,1,0,18.933529589,5,2.0758,0
4,1,0,2,5,7,1,1,4,2.0,40,0.0,0,0.0,0.85534415,0,0,4.149955246,1,0.7537,0
2,1,0,1,19,2,1,0,3,0.659025156,129,1.0,0,0.001589612,0.662301453,0,0,32.884110363,2,0.9401,0
7,1,0,8,19,30,1,2,5,0.846462792,255,1.0,1,0.0,0.424077382,0,0,12.017970892,4,2.1955,0
8,6,0,12,38,41,3,8,10,0.671910568,175,1.0,0,0.724030152,0.295879676,1,1,25.706784105,3,1.9359,0
3,2,0,9,22,4,1,8,2,1.597357408,130,0.0,0,0.929631127,0.377323474,0,1,35.121250965,10,3.3516,0
8,3,0,9,39,1,10,6,6,0.648239318,365,1.0,0,0.758246954,0.404877647,0,0,35.203137758,1,0.8762,0
8,3,0,9,30,1,0,9,6,0.695702682,117,1.0,1,0.841338135,0.509017143,2,4,14.962549252,3,1.3381,1
22,1,3,8,53,133,0,12,16,0.767914346,748,0.981595283,2,0.843768644,0.234129265,3,4,36.540156417,7,1.837,0
8,3,0,14,29,2,1,8,6,0.565778669,92,1.0,1,0.850910215,0.491629045,2,4,10.824312863,3,1.4319,1
17,3,0,13,50,93,2,9,15,0.88089784,425,0.935589824,3,0.736731911,0.41988434,0,0,16.518824448,6,1.8435,0
5,1,0,3,21,0,0,4,4,0.444718391,146,1.0,1,0.0,0.880581119,0,0,25.481854256,2,0.7734,0
6,3,0,4,23,11,0,8,4,0.655775932,137,0.962919101,0,0.875018977,0.417826475,2,2,26.183893207,1,0.7888,0
3,1,0,3,14,1,1,1,4,0.584699558,32,1.0,0,0.22836549,0.670437835,0,0,28.410637013,1,0.6681,1
12,1,0,4,84,44,0,8,5,0.865764793,565,1.0,1,0.025722103,0.311326456,0,0,28.080047133,9,0.7942,0
18,2,0,5,39,104,1,4,17,0.631070524,487,0.927608881,0,0.687002129,0.356279126,0,0,19.742813322,5,1.9144,0
8,3,0,8,35,0,0,9,6,0.600327997,606,0.190954152,0,0.988385417,0.331057423,1,4,23.326926663,1,1.3168,0
2,3,0,4,8,1,1,3,2,1.983155758,19,0.0,0,0.995729043,0.995425262,0,0,4.226449935,1,0.4991,1
15,3,0,12,60,101,6,4,14,0.645314188,345,0.498936213,0,0.763367348,0.403124872,0,0,35.82411546,0,1.0702,0
20,3,0,31,53,117,7,6,18,0.889832308,330,0.99117538,3,0.62939015,0.360491738,0,0,12.173816794,11,1.9402,0
0,6,0,1,4,1,1,0,1,1.715672392,5,0.0,0,0.943928486,0.722615773,0,0,0.0,1,0.5373,0
16,1,0,31,34,30,1,3,18,0.747397875,393,1.0,0,0.0,0.225768889,0,0,21.118833504,2,2.0698,0
7,6,0,8,45,0,0,9,6,0.698445134,132,0.92867654,0,0.914305914,0.179828224,3,3,15.326009387,2,1.1274,0
9,3,0,8,31,4,0,8,6,0.685643243,154,0.938048488,0,0.867400079,0.324053964,1,1,46.695108225,5,1.2279,0
13,1,0,12,30,48,1,3,7,0.783853523,97,1.0,1,0.0,0.364411343,0,0,8.118966209,1,1.1295,0
4,1,0,19,3,10,15,4,4,2.0,2,0.0,0,0.0,0.970907526,0,0,11.01248829,1,1.0,0
5,3,0,6,44,4,0,3,3,0.752616465,159,1.0,0,0.987063921,0.748101333,1,3,62.194518886,1,0.8257,0
7,2,0,2,16,1,1,1,4,0.574685262,115,0.992063026,1,0.884205706,0.350783985,1,1,29.726944547,3,0.7313,0
9,6,0,9,33,29,1,6,6,0.832390389,157,0.980363102,0,0.940867353,0.560005326,0,9,33.195509336,2,0.9988,0
3,1,0,2,7,6,1,2,2,2.0,37,0.0,0,0.007299669,0.997359036,0,0,12.488103951,1,0.5788,0
4,1,11,24,11,17,20,1,4,0.677143489,47,1.0,0,0.0,0.694899816,0,0,6.692192491,5,1.681,0
15,4,2,18,61,30,2,16,9,0.671178074,707,1.0,4,0.916565541,0.367947809,3,7,47.250387213,12,2.4799,1
2,2,0,6,8,0,1,3,1,2.0,37,0.188892364,0,0.915815656,1.0,0,0,16.991248721,1,0.5,0
2,1,0,1,12,0,0,5,3,0.015972402,197,0.969451897,2,0.0,0.587697217,0,0,87.099791156,10,4.4987,0
3,3,0,7,12,1,1,6,3,0.103768944,80,1.0,0,0.944807448,0.986973167,0,0,24.956057754,1,0.6817,0
5,3,0,8,41,6,0,9,5,0.694185579,290,1.0,0,0.928219173,0.540538385,2,3,53.577576879,1,0.7513,0
4,1,0,6,6,4,3,1,8,0.01104545,102,1.0,0,0.0,0.581065669,0,0,30.830270837,2,0.7517,0
6,3,0,8,32,5,1,8,6,0.632595954,598,1.0,0,0.915568214,0.530373558,1,1,78.066801834,1,0.8,2
8,4,0,7,38,6,0,7,7,0.747442941,298,1.0,0,0.784542891,0.442058369,3,3,30.55813426,1,1.3645,0
76,1,0,121,183,2451,124,6,65,0.957711454,1737,0.602110166,3,0.030376398,0.182148317,0,0,23.751202785,4,1.3077,0
8,5,0,5,21,0,0,8,4,0.826267812,112,1.0,7,0.923615575,0.877595895,1,1,46.516380757,10,2.6003,1
8,3,0,7,31,10,0,9,5,0.708367886,265,1.0,0,0.680976199,0.352731463,1,1,20.320414178,12,2.0366,0
8,5,0,8,34,29,0,8,7,0.732050408,169,1.0,0,0.946824404,0.400554136,4,9,15.237190788,2,1.0048,0
3,2,0,7,22,5,1,11,2,0.99784549,161,0.042755512,0,0.876541427,0.454158874,0,0,48.216471298,1,0.9118,1
8,1,0,3,28,4,17,6,5,0.773513772,171,1.0,3,0.0,0.764769887,0,0,38.435734606,5,2.4925,0
5,1,0,3,15,4,1,1,4,1.733151935,155,0.0,0,0.0,0.887836223,2,0,3.359056407,1,0.7656,0
11,1,0,11,58,1,0,11,8,0.94831778,512,1.0,1,0.722361364,0.815278023,0,0,45.845748046,9,2.7821,1
15,3,0,9,39,6,4,9,9,0.585302022,303,0.999376285,1,0.832417217,0.323980797,3,6,28.722137235,2,1.3776,0
5,1,0,5,4,0,25,0,4,1.963567992,4,0.0,0,0.624780125,0.551280429,0,0,3.551978337,1,0.3921,0
8,1,0,6,30,4,1,7,7,0.853428973,302,0.931401658,0,0.009866202,0.208782845,0,0,27.721793251,1,2.7852,1
5,1,0,11,19,16,6,4,8,0.654701021,68,1.0,0,0.0,0.524012888,0,0,12.48008144,3,1.259,0
14,3,0,8,36,11,3,7,10,0.765439416,166,0.606595448,1,0.749227323,0.59244799,2,0,29.652950865,7,1.5098,3
76,1,0,115,174,2335,113,14,60,0.919284547,1680,0.592923308,3,0.089346564,0.160499833,3,0,21.513940715,5,1.2816,0
18,3,0,8,53,31,1,10,14,0.809615561,699,0.957406886,0,0.64208745,0.466205401,0,7,23.861724697,5,1.8127,0
4,3,0,8,34,7,0,9,6,0.647764173,485,1.0,0,0.861172837,0.537426917,1,1,85.360458092,3,1.6168,2
27,3,0,8,87,114,1,19,10,0.773440486,497,0.712391412,1,0.751817547,0.363468021,1,3,36.881581376,3,1.7643,0
5,3,0,3,20,5,1,5,5,0.460184955,29,1.0,0,0.859213094,0.668405779,0,0,18.403548813,6,0.7878,0
4,5,0,4,22,0,0,6,4,0.320204618,79,1.0,0,0.847855177,0.770714278,1,1,13.528950415,3,0.7815,0
7,1,0,57,13,1,9,0,5,0.619634617,64,1.0,1,0.0,0.502470452,2,1,4.409043042,1,0.831,0
38,4,0,24,79,137,6,10,21,0.90156238,429,0.739075613,2,0.011338354,0.2072367,0,0,31.699679062,5,1.3189,1
8,3,0,5,22,2,0,9,6,0.424786162,128,1.0,0,0.818315018,0.228407782,1,1,14.708541345,5,1.2166,0
11,1,3,14,62,23,8,13,5,0.724546759,973,0.957534165,7,0.0,0.266612043,0,0,49.943419068,22,2.1933,0
8,3,0,7,46,11,0,8,7,0.732756653,263,1.0,0,0.853756023,0.36089895,3,1,42.968672843,2,0.9862,0
3,2,0,8,22,1,1,5,2,2.0,231,0.0,0,0.97857467,1.0,0,1,25.724276155,1,0.5054,0
3,2,0,8,20,3,1,7,2,0.96442365,143,0.49604002,0,0.851845049,0.491517363,0,0,79.189468404,1,0.6473,1
2,1,0,7,20,5,8,1,5,0.0,334,1.0,1,0.0,0.402260698,0,1,87.876242463,14,4.95,0
2,2,1,4,15,0,1,4,1,0.608772428,42,1.0,1,0.685787944,0.50003349,1,1,18.116062075,1,0.8011,0
8,3,0,7,12,4,0,3,4,0.659210205,149,1.0,0,0.885032698,0.505312384,1,1,25.95518009,1,0.6312,0
1,1,0,9,1,20,8,1,1,1.99769708,5,0.0,0,0.0,0.973850704,0,0,1.639159162,1,1.0,0
6,1,0,3,13,16,2,1,9,2.0,11,0.001155924,0,1.995e-06,0.358057175,0,0,1.273152383,2,1.2077,0
5,1,0,4,19,0,2,1,5,0.40248235,98,1.0,0,0.0,0.616846007,0,0,15.214628839,3,0.9933,0
9,3,0,13,27,0,0,8,10,0.718822429,278,1.0,1,0.840909091,0.509517061,0,4,17.056506984,2,1.6358,0
9,1,0,6,65,10,1,8,24,0.930811547,454,0.008153861,4,0.03610679,0.319029774,0,0,42.094636189,9,2.8345,0
7,3,0,8,43,15,2,8,8,0.641958515,156,1.0,0,0.853902195,0.410093109,1,1,20.482796522,6,1.3679,0
7,2,0,11,39,32,4,11,14,0.502398911,284,0.750659445,1,0.419302033,0.350325848,0,2,60.382431725,1,0.7653,0
14,3,12,20,16,5,13,7,13,0.579859094,165,1.0,1,0.7188061,0.44591377,0,0,12.949403653,3,1.4655,0
5,1,0,4,12,0,1,7,5,0.513671667,68,1.0,0,0.043187773,0.792697202,0,0,16.868780001,3,1.2498,0
4,1,11,20,7,8,19,4,2,0.761147184,60,1.0,0,0.001924877,0.723183699,0,0,9.269646275,5,1.8017,0
9,3,0,5,8,3,0,3,3,0.005688284,29,1.0,0,0.857630047,0.674654871,0,0,9.194617979,1,0.5096,0
4,3,0,3,17,3,0,2,3,0.693110175,154,0.948589095,0,0.899810824,0.729406271,1,1,36.083068961,1,0.8408,0
8,3,0,2,43,20,0,2,7,0.7139937,168,1.0,0,0.847203081,0.290308971,1,1,20.280362386,4,1.3632,0
0,3,0,3,8,1,7,3,1,2.0,33,0.0,0,0.979921733,0.993185833,0,0,12.248525957,1,0.5,1
10,1,0,7,27,6,1,7,6,0.954066667,305,0.174247884,0,0.591855893,0.237902971,0,0,23.612923138,4,1.1686,1
1,3,0,2,2,5,1,2,0,2.0,128,0.0,0,0.0,0.005415337,0,0,0.537718224,0,0.148,0
11,4,0,12,38,13,98,6,9,0.771404406,112,1.0,3,0.685020166,0.5,1,1,25.105865462,3,1.9352,0
39,2,0,14,54,586,26,7,20,0.747830973,1513,0.650684462,0,0.579264547,0.18065889,1,1,27.107490106,15,2.4008,0
39,2,0,17,131,558,10,18,25,0.883732987,1534,0.635810361,0,0.749912545,0.160977352,0,5,33.839028576,12,1.078,0
2,3,0,2,10,5,1,0,2,1.875463245,7,0.0,0,0.994780928,0.387017127,0,0,12.411831021,5,0.7063,0
4,1,1,6,16,1,4,2,3,0.029419094,70,1.0,0,0.0,0.655502318,0,0,13.719354374,1,0.6988,0
9,6,0,6,43,15,1,7,6,0.785765987,142,1.0,0,0.924115319,0.37758646,4,9,20.295617547,2,0.9707,0
18,3,0,12,39,76,8,5,13,0.665613189,384,0.494966909,0,0.101989183,0.225254619,0,0,27.10384339,6,1.7547,1
5,1,0,4,17,0,0,4,4,0.328855691,151,1.0,1,0.0,0.901269551,0,0,25.488691677,5,2.1087,0
4,2,0,8,20,14,1,9,4,1.0,100,0.0,0,0.876645326,0.478785964,0,0,35.729068787,1,0.7971,1
2,2,0,9,22,1,1,8,2,1.954799346,128,0.139115204,0,0.863391504,0.922389244,1,0,40.178828759,9,3.0023,0
18,3,2,13,51,104,3,5,13,0.845786733,376,0.948496313,3,0.728925536,0.303736865,0,1,23.307041802,4,1.2726,0
2,2,0,7,19,3,1,6,2,0.978442518,148,0.601058311,0,0.759836901,0.42084494,0,0,24.696463084,1,0.7734,0
5,1,0,1,17,1,0,7,5,0.196563377,71,0.999685146,0,0.117811313,0.711391376,0,0,12.986670617,3,1.1997,0
8,1,0,1,26,4,4,0,8,0.100859613,86,1.0,0,0.067493755,0.569409079,0,0,19.342884336,7,1.3111,0
17,1,40,24,43,149,81,8,16,0.88259793,380,0.977473986,1,0.630309664,0.229905816,1,0,24.283105926,3,1.4049,0
5,1,0,60,9,8,57,0,5,0.356569618,77,0.773681032,1,0.0,0.898543483,0,0,30.7091752,3,1.1074,0
18,4,0,9,55,2,8,8,16,0.417784507,696,1.0,0,0.902631472,0.457672332,3,0,45.050624214,13,2.3705,1
15,3,1,17,84,49,1,15,14,0.823372988,534,1.0,2,0.724220718,0.307516802,0,0,29.619407954,6,1.887,2
4,1,0,4,4,6,4,1,6,2.0,5,0.0,0,0.0,0.500919514,0,0,0.130204798,1,1.0,0
6,4,0,148,26,0,135,6,14,0.001841291,152,0.986251279,1,0.67135792,0.342978094,1,2,9.97879448,2,0.5466,0
7,1,0,2,26,0,2,0,7,0.701721628,132,1.0,0,0.0,0.420349429,1,1,11.240158112,4,0.9987,0
4,1,0,4,4,7,4,4,4,2.0,15,0.0,0,0.241857655,0.466034265,0,0,0.0,1,0.9588,0
16,1,0,30,87,23,9,14,13,0.640506266,917,0.965561752,7,0.0,0.141122771,0,0,75.940907722,22,3.307,1
17,3,0,10,57,113,1,5,14,0.716356847,471,0.523134829,0,0.001270264,0.320787907,0,0,23.743870031,8,1.8656,0
8,1,0,4,40,33,3,1,10,0.66466694,384,0.13278835,0,0.0,0.16671381,0,0,44.804876061,3,1.1675,0
27,2,0,7,68,274,2,10,11,0.820633574,460,0.679204467,2,0.565761071,0.126827679,0,11,22.139818731,5,1.8645,0
8,3,0,5,22,5,0,2,8,0.603218879,92,1.0,0,0.867624359,0.364425008,1,1,29.409982188,1,0.8739,0
27,3,0,12,95,107,1,14,23,0.879373398,504,1.0,2,0.644692991,0.139468721,0,0,45.83026824,2,1.1613,1
5,1,2,61,7,2,58,1,5,0.348052179,92,0.963279091,1,0.0,0.407830425,0,0,2.630407991,3,0.9898,0
18,3,0,10,43,102,0,3,14,0.829957507,446,0.488402021,3,0.675054948,0.32218529,0,0,22.103819094,6,1.6411,0
4,1,0,12,4,5,1,4,7,1.99443569,7,0.0,0,0.0,0.414003605,0,0,4.513580032,1,0.9722,1
2,3,0,3,9,1,1,5,2,2.0,45,0.0,0,0.961593758,0.738924904,0,0,13.091973753,1,0.4803,1
8,3,0,5,28,4,0,1,6,0.644975131,276,0.987447508,0,0.80408524,0.209286963,1,1,24.174223759,6,1.2258,1
19,1,0,24,80,176,1,8,6,0.844977889,574,0.56284349,1,0.003780697,0.160127653,0,0,28.833605599,3,0.9027,0
6,4,0,8,34,6,0,9,11,0.790556531,218,1.0,0,0.957378434,0.724837692,1,1,82.321250626,1,0.9077,2
76,2,0,25,91,751,0,18,23,0.986211388,549,0.662116298,0,0.628178226,0.130101304,3,3,13.539981055,7,1.339,0
5,1,1,18,13,0,5,2,3,0.089535065,34,1.0,0,0.003058386,0.528034709,0,0,17.131032101,1,0.5531,0
6,6,0,8,21,3,0,6,4,0.759035344,138,1.0,0,0.894628876,0.402351644,0,0,22.043767249,2,0.8234,0
7,6,0,7,30,29,0,8,6,0.79635278,186,0.994651042,0,0.962007436,0.44862922,4,9,16.366028423,2,0.9999,0
